Rejection_Rate,Expected_Loss_After,Loss_Reduction
0.05,206554553.89307952,11239985.361780584
0.1,195619614.8219267,22174924.43293339
0.15,184853189.11492068,32941350.139939427
0.2,173790939.26486424,44003599.98999587
0.25,162986848.11110097,54807691.14375913
0.3,152302097.7928027,65492441.46205741
