{"train_auc": 0.7641501234012097, "test_auc": 0.7330822192160921, "ks_statistic": 0.338421233893888}